{
    "name" : "CoAP simple library",
    "version" : "1.3.28",
    "description" : "Simple CoAP client/server library for generic Arduino Client hardware.",
    "keywords" : "communication, coap, wifi",
    "authors" : {
        "name" : "Hirotaka Niisato",
        "email" : "hirotakaster@gmail.com"
    },
    "repository" : {
        "type" : "git",
        "url" : "https://github.com/hirotakaster/CoAP-simple-library"
    },
    "frameworks" : "Arduino",
    "examples" : [
        "[Ee]xamples/*/*.ino"
    ]
}
